Handle,Title,Body (HTML),Vendor,Product Category,Type,Tags,Published,Option1 Name,Option1 Value,Variant SKU,Variant Grams,Variant Inventory Tracker,Variant Inventory Qty,Variant Inventory Policy,Variant Fulfillment Service,Variant Price,Variant Requires Shipping,Variant Taxable,Status,Image Src,Image Position,Image Alt Text,SEO Title,SEO Description,Gift Card,Variant Weight Unit,Collection
african-rhapsody,African Rhapsody,"<p>Experience the cleansing power of African black soap made from plantain skins and cocoa pod. This all natural, nutrient-rich herbal bar is celebrated for its deep cleansing, exfoliating, and antibacterial properties. It is enriched with skin loving ingredients and infused with herbal essential oils. African Rhapsody balances oils, moisturizes skin with the wholesome goodness of Goat’s milk and cleanses without any harsh synthetic chemicals.</p><p><strong>Ingredients:</strong> Organic African Black Soap, Shea Butter, Goats Milk, Lemon Oil, Sweet Orange Oil, Sweet Almond Oil, Frankincense Oil, Eucalyptus Oil, Neroli Oil, Raw Honey, Vanilla Oil, Clove Oil, Cypress Oil, and Natural Preservative</p><p><strong>Weight:</strong> 6.7 OZ</p>",Royal Being,Health & Beauty > Personal Care > Cosmetics > Bath & Body > Soap,Herbal Soap,"The Signature Collection, herbal-soap",TRUE,Title,Default Title,AFR-HER-BAR-06,189,shopify,0,deny,manual,18.99,TRUE,TRUE,active,https://raw.githubusercontent.com/asharqasmani-dotcom/RoyalBeingShopifySoap/main/import-assets/products/african-rhapsody/01.jpg,1,African Rhapsody herbal soap by Royal Being,African Rhapsody | Royal Being,"Experience the cleansing power of African black soap made from plantain skins and cocoa pod. This all natural, nutrient-rich herbal bar is celebrated for its deep cleansing, exfoliating, and antibacterial properties. It is enriched with skin loving ingredients and infused with herbal essential oi",FALSE,g,The Signature Collection
african-rhapsody,,,,,,,,,,,,,,,,,,,,https://raw.githubusercontent.com/asharqasmani-dotcom/RoyalBeingShopifySoap/main/import-assets/products/african-rhapsody/02.jpg,2,African Rhapsody herbal soap by Royal Being,,,,,
aloe-vera-wave,Aloe Vera Wave,"<p>Discover the healing essence of Aloe Vera Wave. This revitalizing herbal soap bar with skin- healing ingredients such as Aloe Vera Base and gel is infused with Aloe Vera Oil and Violet to bring about a calming, relaxing, body cleansing experience. Aloe vera is a versatile succulent packed with vitamins, minerals, and antioxidants. It is celebrated for its moisturizing effect, and a fan favorite for its soothing and healing qualities. Aloe Vera Wave transcends skincare, its clear purifying gel offers a variety of health and wellness perks for your skin.</p><p><strong>Ingredients:</strong> Aloe Vera Base, Aloe Vera Gel, Goat’s Milk, Aloe Vera Oil, Cucumber Oil, Violet Oil, Natural Coloring and Natural Preservative.</p><p><strong>Weight:</strong> 6.7 OZ</p>",Royal Being,Health & Beauty > Personal Care > Cosmetics > Bath & Body > Soap,Herbal Soap,"The Common Collection, herbal-soap",TRUE,Title,Default Title,ALO-HER-BAR-06,189,shopify,0,deny,manual,14.99,TRUE,TRUE,active,https://raw.githubusercontent.com/asharqasmani-dotcom/RoyalBeingShopifySoap/main/import-assets/products/aloe-vera-wave/01.jpg,1,Aloe Vera Wave herbal soap by Royal Being,Aloe Vera Wave | Royal Being,"Discover the healing essence of Aloe Vera Wave. This revitalizing herbal soap bar with skin- healing ingredients such as Aloe Vera Base and gel is infused with Aloe Vera Oil and Violet to bring about a calming, relaxing, body cleansing experience. Aloe vera is a versatile succulent packed with vi",FALSE,g,The Common Collection
aloe-vera-wave,,,,,,,,,,,,,,,,,,,,https://raw.githubusercontent.com/asharqasmani-dotcom/RoyalBeingShopifySoap/main/import-assets/products/aloe-vera-wave/02.jpg,2,Aloe Vera Wave herbal soap by Royal Being,,,,,
aloe-vera-wave,,,,,,,,,,,,,,,,,,,,https://raw.githubusercontent.com/asharqasmani-dotcom/RoyalBeingShopifySoap/main/import-assets/products/aloe-vera-wave/03.jpg,3,Aloe Vera Wave herbal soap by Royal Being,,,,,
aloe-vera-wave,,,,,,,,,,,,,,,,,,,,https://raw.githubusercontent.com/asharqasmani-dotcom/RoyalBeingShopifySoap/main/import-assets/products/aloe-vera-wave/04.jpg,4,Aloe Vera Wave herbal soap by Royal Being,,,,,
aloe-vera-wave,,,,,,,,,,,,,,,,,,,,https://raw.githubusercontent.com/asharqasmani-dotcom/RoyalBeingShopifySoap/main/import-assets/products/aloe-vera-wave/05.jpg,5,Aloe Vera Wave herbal soap by Royal Being,,,,,
anti-aging-herbal-soap,Anti-Aging Herbal Soap,"<p>Unwind time with our high-quality time capsule in a bar. Our Anti-Aging Herbal soap is formulated with age reversing butters that are powerful, skin loving, and infused with beneficial essential oils such as Frankincense Oil to target signs of aging. This nutrient-dense herbal soap produces very gentle lathers that are packed with lauric acid, oleic acid, and Vitamin A. Experience the effects of deep skin penetration and hydration, without clogging pores. Renew, and rejuvenate your skin with each cleanse.</p><p><strong>Ingredients:</strong> Goats Milk, Oat Milk Base, Honey Base, Kokum Butter, Murumuru Butter, Tucuma Butter, Cupuacu Butter, Ucuuba Butter, Coconut Oil, Frankincense Oil, Lotus Oil, Eucalyptus Oil, Lavender Oil, Chamomile Oil, Japanese Magnolia Oil, and Natural Preservative</p><p><strong>Weight:</strong> 6.3 OZ</p>",Royal Being,Health & Beauty > Personal Care > Cosmetics > Bath & Body > Soap,Herbal Soap,"The Common Collection, herbal-soap",TRUE,Title,Default Title,AA-SH-ROS-BR-04,178,shopify,0,deny,manual,25.0,TRUE,TRUE,active,https://raw.githubusercontent.com/asharqasmani-dotcom/RoyalBeingShopifySoap/main/import-assets/products/anti-aging-herbal-soap/01.jpg,1,Anti-Aging Herbal Soap herbal soap by Royal Being,Anti-Aging Herbal Soap | Royal Being,"Unwind time with our high-quality time capsule in a bar. Our Anti-Aging Herbal soap is formulated with age reversing butters that are powerful, skin loving, and infused with beneficial essential oils such as Frankincense Oil to target signs of aging. This nutrient-dense herbal soap produces very ",FALSE,g,The Common Collection
anti-aging-herbal-soap,,,,,,,,,,,,,,,,,,,,https://raw.githubusercontent.com/asharqasmani-dotcom/RoyalBeingShopifySoap/main/import-assets/products/anti-aging-herbal-soap/02.jpg,2,Anti-Aging Herbal Soap herbal soap by Royal Being,,,,,
anti-aging-herbal-soap,,,,,,,,,,,,,,,,,,,,https://raw.githubusercontent.com/asharqasmani-dotcom/RoyalBeingShopifySoap/main/import-assets/products/anti-aging-herbal-soap/03.jpg,3,Anti-Aging Herbal Soap herbal soap by Royal Being,,,,,
anti-aging-herbal-soap,,,,,,,,,,,,,,,,,,,,https://raw.githubusercontent.com/asharqasmani-dotcom/RoyalBeingShopifySoap/main/import-assets/products/anti-aging-herbal-soap/04.jpg,4,Anti-Aging Herbal Soap herbal soap by Royal Being,,,,,
aquatic-escape,Aquatic Escape,"<p>Elevate your skincare routine with Aquatic Escape made from skin loving moisturizing ingredients such as Goat’s Milk and Hawaiian Sandalwood. This all natural, nutrient-rich herbal bar is celebrated for its deep cleansing, natural scents, and earthy properties. Treat your skin and senses to the delightful scents of the ocean and beyond without any harsh synthetic chemicals.</p><p><strong>Ingredients:</strong> Goats Milk, Glycerin, Coconut Oil, Lime Oil, Lavender Oil, Violet Oil, East Indian Sandalwood, Hawaiian Sandalwood, Sweet Orange Oil, Grapefruit Oil, Eucalyptus Oil, Seaweed FO, and Natural Preservative.</p><p><strong>Weight:</strong> 7.3 OZ</p>",Royal Being,Health & Beauty > Personal Care > Cosmetics > Bath & Body > Soap,Herbal Soap,"The Signature Collection, herbal-soap",TRUE,Title,Default Title,AQU-HER-BAR-04,206,shopify,0,deny,manual,25.0,TRUE,TRUE,active,https://raw.githubusercontent.com/asharqasmani-dotcom/RoyalBeingShopifySoap/main/import-assets/products/aquatic-escape/01.jpg,1,Aquatic Escape herbal soap by Royal Being,Aquatic Escape | Royal Being,"Elevate your skincare routine with Aquatic Escape made from skin loving moisturizing ingredients such as Goat’s Milk and Hawaiian Sandalwood. This all natural, nutrient-rich herbal bar is celebrated for its deep cleansing, natural scents, and earthy properties. Treat your skin and senses to the d",FALSE,g,The Signature Collection
aquatic-escape,,,,,,,,,,,,,,,,,,,,https://raw.githubusercontent.com/asharqasmani-dotcom/RoyalBeingShopifySoap/main/import-assets/products/aquatic-escape/02.jpg,2,Aquatic Escape herbal soap by Royal Being,,,,,
aquatic-escape,,,,,,,,,,,,,,,,,,,,https://raw.githubusercontent.com/asharqasmani-dotcom/RoyalBeingShopifySoap/main/import-assets/products/aquatic-escape/03.jpg,3,Aquatic Escape herbal soap by Royal Being,,,,,
aquatic-escape,,,,,,,,,,,,,,,,,,,,https://raw.githubusercontent.com/asharqasmani-dotcom/RoyalBeingShopifySoap/main/import-assets/products/aquatic-escape/04.jpg,4,Aquatic Escape herbal soap by Royal Being,,,,,
beef-tallow,Beef Tallow,"<p>Embrace nature with our Beef Tallow Herbal soap enriched with skin loving, moisturizing ingredients and beneficial essential oils. Our unique blend of grass fed, pasture raised Beef Tallow and Goat’s Milk, offer a nourishing blend that deeply moisturizes skin without a greasy feel. Our formulation exfoliates, hydrates, and renews your skin with every use.</p><p><strong>Ingredients:</strong> Pasture Raised, Grass Fed Beef Tallow, Goat’s Milk, Oatmeal Base, Honey, Coconut Oil, Olive Oil, Castor Oil, Tea tree Oil, Mint Oil, and Lavender Oil.</p><p><strong>Weight:</strong> 6.39 OZ</p>",Royal Being,Health & Beauty > Personal Care > Cosmetics > Bath & Body > Soap,Herbal Soap,"The Common Collection, herbal-soap",TRUE,Title,Default Title,BEE-HER-BAR-06,181,shopify,0,deny,manual,14.99,TRUE,TRUE,active,https://raw.githubusercontent.com/asharqasmani-dotcom/RoyalBeingShopifySoap/main/import-assets/products/beef-tallow/01.jpg,1,Beef Tallow herbal soap by Royal Being,Beef Tallow | Royal Being,"Embrace nature with our Beef Tallow Herbal soap enriched with skin loving, moisturizing ingredients and beneficial essential oils. Our unique blend of grass fed, pasture raised Beef Tallow and Goat’s Milk, offer a nourishing blend that deeply moisturizes skin without a greasy feel. Our formulatio",FALSE,g,The Common Collection
beef-tallow,,,,,,,,,,,,,,,,,,,,https://raw.githubusercontent.com/asharqasmani-dotcom/RoyalBeingShopifySoap/main/import-assets/products/beef-tallow/02.jpg,2,Beef Tallow herbal soap by Royal Being,,,,,
beef-tallow,,,,,,,,,,,,,,,,,,,,https://raw.githubusercontent.com/asharqasmani-dotcom/RoyalBeingShopifySoap/main/import-assets/products/beef-tallow/03.jpg,3,Beef Tallow herbal soap by Royal Being,,,,,
beef-tallow,,,,,,,,,,,,,,,,,,,,https://raw.githubusercontent.com/asharqasmani-dotcom/RoyalBeingShopifySoap/main/import-assets/products/beef-tallow/04.jpg,4,Beef Tallow herbal soap by Royal Being,,,,,
blissful-lavender,Blissful Lavender,"<p>Invite a natural calming effect with our Blissful Lavender Herbal soap bar enriched with skin loving moisturizing ingredients and beneficial essential oils such as Goat’s Milk and Lavender Oil. Our unique blend of mindful ingredients relaxes the nervous system, a reason Lavender is widely celebrated. Its rich compounds of linalool and linalyl acetate, alongside its wonderful aroma, interacts with brain receptors to reduce stress, improve sleep quality, alleviate minor tension headaches, and offer a great boost to your mood. Experience the wonderful cleansing power of Blissful Lavender while enjoying hydration, restoration, and rejuvenation of your skin with each use.</p><p><strong>Ingredients:</strong> Goat’s Milk, Lavender Oil, Vitamin E Oil, Bergamot Oil, Mint Oil, Lavender Buds, Natural Coloring and Natural Preservative.</p><p><strong>Weight:</strong> 6.3 OZ</p>",Royal Being,Health & Beauty > Personal Care > Cosmetics > Bath & Body > Soap,Herbal Soap,"The Common Collection, herbal-soap",TRUE,Title,Default Title,BLI-HER-BAR-06,178,shopify,0,deny,manual,14.99,TRUE,TRUE,active,https://raw.githubusercontent.com/asharqasmani-dotcom/RoyalBeingShopifySoap/main/import-assets/products/blissful-lavender/01.jpg,1,Blissful Lavender herbal soap by Royal Being,Blissful Lavender | Royal Being,"Invite a natural calming effect with our Blissful Lavender Herbal soap bar enriched with skin loving moisturizing ingredients and beneficial essential oils such as Goat’s Milk and Lavender Oil. Our unique blend of mindful ingredients relaxes the nervous system, a reason Lavender is widely celebra",FALSE,g,The Common Collection
blissful-lavender,,,,,,,,,,,,,,,,,,,,https://raw.githubusercontent.com/asharqasmani-dotcom/RoyalBeingShopifySoap/main/import-assets/products/blissful-lavender/02.jpg,2,Blissful Lavender herbal soap by Royal Being,,,,,
blissful-lavender,,,,,,,,,,,,,,,,,,,,https://raw.githubusercontent.com/asharqasmani-dotcom/RoyalBeingShopifySoap/main/import-assets/products/blissful-lavender/03.jpg,3,Blissful Lavender herbal soap by Royal Being,,,,,
blissful-lavender,,,,,,,,,,,,,,,,,,,,https://raw.githubusercontent.com/asharqasmani-dotcom/RoyalBeingShopifySoap/main/import-assets/products/blissful-lavender/04.jpg,4,Blissful Lavender herbal soap by Royal Being,,,,,
blissful-lavender,,,,,,,,,,,,,,,,,,,,https://raw.githubusercontent.com/asharqasmani-dotcom/RoyalBeingShopifySoap/main/import-assets/products/blissful-lavender/05.jpg,5,Blissful Lavender herbal soap by Royal Being,,,,,
blissful-lavender,,,,,,,,,,,,,,,,,,,,https://raw.githubusercontent.com/asharqasmani-dotcom/RoyalBeingShopifySoap/main/import-assets/products/blissful-lavender/06.jpg,6,Blissful Lavender herbal soap by Royal Being,,,,,
calm,Calm,"<p>Embrace the natural essence of Oat Milk and Honey. Calm offers a luxurious blend of skin loving nourishing ingredients, infused with beneficial essential oils. This all natural, nutrient-rich herbal bar is celebrated for its calming essential oils, deep cleansing qualities, and its invigorating scents. Treat your skin and senses to the delightful notes of ocean breeze without any harsh synthetic chemicals.</p><p><strong>Ingredients:</strong> Oat Milk, Honey, Jojoba Oil, Lavender Oil, Geranium Oil, Ylang Ylang Oil, Chamomile Oil, Tea Tree Oil and Natural Preservative.</p><p><strong>Weight:</strong> 6.3 OZ</p>",Royal Being,Health & Beauty > Personal Care > Cosmetics > Bath & Body > Soap,Herbal Soap,"The Common Collection, herbal-soap",TRUE,Title,Default Title,CAL-HER-BAR-06,178,shopify,0,deny,manual,16.99,TRUE,TRUE,active,https://raw.githubusercontent.com/asharqasmani-dotcom/RoyalBeingShopifySoap/main/import-assets/products/calm/01.jpg,1,Calm herbal soap by Royal Being,Calm | Royal Being,"Embrace the natural essence of Oat Milk and Honey. Calm offers a luxurious blend of skin loving nourishing ingredients, infused with beneficial essential oils. This all natural, nutrient-rich herbal bar is celebrated for its calming essential oils, deep cleansing qualities, and its invigorating s",FALSE,g,The Common Collection
charcoal-moment,Charcoal Moment,"<p>Experience deep pore cleansing with our Charcoal Moment Herbal soap enriched with skin loving, moisturizing ingredients and beneficial essential oils. Our unique blend of Goat’s Milk, Activated Charcoal Powder, and Bentonite Clay, offer the gentlest form of exfoliating, while drawing out impurities from your skin. It is particularly beneficial for treating oily, acne-prone skin, and helps clear blemishes. Activated Charcoal also helps in preventing future blackheads by reducing sebum buildup, while effectively absorbing dirt, sweat, and makeup.</p><p><strong>Ingredients:</strong> Coconut Oil, Activated Charcoal Powder, Goat Milk, Glycerin, Shea Butter, Bentonite Clay, Tea tree Oil, Peppermint Oil, Eucalyptus Oil, and Lavender Oil.</p><p><strong>Weight:</strong> 7.3 OZ</p>",Royal Being,Health & Beauty > Personal Care > Cosmetics > Bath & Body > Soap,Herbal Soap,"The Signature Collection, herbal-soap",TRUE,Title,Default Title,CHA-HER-BAR-05,206,shopify,0,deny,manual,14.99,TRUE,TRUE,active,https://raw.githubusercontent.com/asharqasmani-dotcom/RoyalBeingShopifySoap/main/import-assets/products/charcoal-moment/01.jpg,1,Charcoal Moment herbal soap by Royal Being,Charcoal Moment | Royal Being,"Experience deep pore cleansing with our Charcoal Moment Herbal soap enriched with skin loving, moisturizing ingredients and beneficial essential oils. Our unique blend of Goat’s Milk, Activated Charcoal Powder, and Bentonite Clay, offer the gentlest form of exfoliating, while drawing out impuriti",FALSE,g,The Signature Collection
charcoal-moment,,,,,,,,,,,,,,,,,,,,https://raw.githubusercontent.com/asharqasmani-dotcom/RoyalBeingShopifySoap/main/import-assets/products/charcoal-moment/02.jpg,2,Charcoal Moment herbal soap by Royal Being,,,,,
charcoal-moment,,,,,,,,,,,,,,,,,,,,https://raw.githubusercontent.com/asharqasmani-dotcom/RoyalBeingShopifySoap/main/import-assets/products/charcoal-moment/03.jpg,3,Charcoal Moment herbal soap by Royal Being,,,,,
charcoal-moment,,,,,,,,,,,,,,,,,,,,https://raw.githubusercontent.com/asharqasmani-dotcom/RoyalBeingShopifySoap/main/import-assets/products/charcoal-moment/04.jpg,4,Charcoal Moment herbal soap by Royal Being,,,,,
charcoal-moment,,,,,,,,,,,,,,,,,,,,https://raw.githubusercontent.com/asharqasmani-dotcom/RoyalBeingShopifySoap/main/import-assets/products/charcoal-moment/05.jpg,5,Charcoal Moment herbal soap by Royal Being,,,,,
charcoal-moment,,,,,,,,,,,,,,,,,,,,https://raw.githubusercontent.com/asharqasmani-dotcom/RoyalBeingShopifySoap/main/import-assets/products/charcoal-moment/06.jpg,6,Charcoal Moment herbal soap by Royal Being,,,,,
citrus-heaven,Citrus Heaven,"<p>MATCH YOURS EXACTLY Embrace the invigorating power of bright, zesty, and refreshing citrus. Citrus Heaven offers an exciting fusion of skin loving, moisturizing ingredients such as Goats Milk, Tangerine, and Sweet Orange, infused with beneficial essential oils. This delightful, fruity, all natural, nutrient- rich herbal bar is celebrated for its invigorating, vibrant, and crisp fragrance. Treat your skin to our luxurious blend of citrus notes which transports you to a sweet, tropical oasis with every use.</p><p><strong>Ingredients:</strong> Goats Milk, Lime Oil, Tangerine Oil, Sweet Orange Oil, Bergamot Oil, Lemongrass Oil, Grapefruit Oil, Lemon Oil, and Natural Preservative.</p><p><strong>Weight:</strong> 7.3 OZ</p>",Royal Being,Health & Beauty > Personal Care > Cosmetics > Bath & Body > Soap,Herbal Soap,"The Common Collection, herbal-soap",TRUE,Title,Default Title,CIT-HER-BAR-06,206,shopify,0,deny,manual,15.99,TRUE,TRUE,active,https://raw.githubusercontent.com/asharqasmani-dotcom/RoyalBeingShopifySoap/main/import-assets/products/citrus-heaven/01.jpg,1,Citrus Heaven herbal soap by Royal Being,Citrus Heaven | Royal Being,"MATCH YOURS EXACTLY Embrace the invigorating power of bright, zesty, and refreshing citrus. Citrus Heaven offers an exciting fusion of skin loving, moisturizing ingredients such as Goats Milk, Tangerine, and Sweet Orange, infused with beneficial essential oils. This delightful, fruity, all natura",FALSE,g,The Common Collection
citrus-heaven,,,,,,,,,,,,,,,,,,,,https://raw.githubusercontent.com/asharqasmani-dotcom/RoyalBeingShopifySoap/main/import-assets/products/citrus-heaven/02.jpg,2,Citrus Heaven herbal soap by Royal Being,,,,,
citrus-heaven,,,,,,,,,,,,,,,,,,,,https://raw.githubusercontent.com/asharqasmani-dotcom/RoyalBeingShopifySoap/main/import-assets/products/citrus-heaven/03.jpg,3,Citrus Heaven herbal soap by Royal Being,,,,,
citrus-heaven,,,,,,,,,,,,,,,,,,,,https://raw.githubusercontent.com/asharqasmani-dotcom/RoyalBeingShopifySoap/main/import-assets/products/citrus-heaven/04.jpg,4,Citrus Heaven herbal soap by Royal Being,,,,,
detoxify,Detoxify,"<p>Experience the ultimate in skincare with our Detoxify herbal soap perfectly formulated with skin loving, moisturizing ingredients such as Goat’s Milk and pure, high-quality Bentonite Clay, that acts as a natural sponge that binds to positively charged toxins, heavy metals, and bacteria. Our Detoxify herbal soap helps treat acne, soothe skin conditions such as clogged pores, eczema, psoriasis, and absorbs excess oil without dryness or irritation. The benefit of combining Goat’s milk and Shea butter adds an extra layer of care and hydration to Detoxify, making it the perfect choice.</p><p><strong>Ingredients:</strong> Goats Milk, Shea Butter, Bentonite Clay, Frankincense Oil, Lemongrass Oil, Patchouli Oil, Grape Seed Oil, and Natural Preservative.</p><p><strong>Weight:</strong> 6.3 OZ</p>",Royal Being,Health & Beauty > Personal Care > Cosmetics > Bath & Body > Soap,Herbal Soap,"The Common Collection, herbal-soap",TRUE,Title,Default Title,DET-HER-BAR-06,178,shopify,0,deny,manual,17.99,TRUE,TRUE,active,https://raw.githubusercontent.com/asharqasmani-dotcom/RoyalBeingShopifySoap/main/import-assets/products/detoxify/01.jpg,1,Detoxify herbal soap by Royal Being,Detoxify | Royal Being,"Experience the ultimate in skincare with our Detoxify herbal soap perfectly formulated with skin loving, moisturizing ingredients such as Goat’s Milk and pure, high-quality Bentonite Clay, that acts as a natural sponge that binds to positively charged toxins, heavy metals, and bacteria. Our Detox",FALSE,g,The Common Collection
detoxify,,,,,,,,,,,,,,,,,,,,https://raw.githubusercontent.com/asharqasmani-dotcom/RoyalBeingShopifySoap/main/import-assets/products/detoxify/02.jpg,2,Detoxify herbal soap by Royal Being,,,,,
detoxify,,,,,,,,,,,,,,,,,,,,https://raw.githubusercontent.com/asharqasmani-dotcom/RoyalBeingShopifySoap/main/import-assets/products/detoxify/03.jpg,3,Detoxify herbal soap by Royal Being,,,,,
detoxify,,,,,,,,,,,,,,,,,,,,https://raw.githubusercontent.com/asharqasmani-dotcom/RoyalBeingShopifySoap/main/import-assets/products/detoxify/04.jpg,4,Detoxify herbal soap by Royal Being,,,,,
fresh-floral-fiesta,Fresh Floral Fiesta,"<p>Embrace natures light, airy, and blossoming scents with our Fresh Floral Fiesta Herbal soap. Renowned for its nourishing and renewing skin loving ingredients and anti-aging essential oils. This perfectly formulated soap with a moisturizing blend of pure Goat’s milk and the sweet aroma of Japanese Magnolia, provides a gentle, yet effective cleanse for every skin type.</p><p><strong>Ingredients:</strong> Goats Milk, Palmarosa Oil, Rosewood Oil, Ylang Ylang, Geranium Oil, Rose Oil, Neroli Oil, Lavender Oil, Jasmine Oil, Coconut Oil, Chamomile Roman, Clary Sage Oil, Japanese Magnolia Oil and Natural Preservative.</p><p><strong>Weight:</strong> 7.3 OZ</p>",Royal Being,Health & Beauty > Personal Care > Cosmetics > Bath & Body > Soap,Herbal Soap,"The Royal Collection, herbal-soap",TRUE,Title,Default Title,FRE-HER-BAR-06,206,shopify,0,deny,manual,21.99,TRUE,TRUE,active,https://raw.githubusercontent.com/asharqasmani-dotcom/RoyalBeingShopifySoap/main/import-assets/products/fresh-floral-fiesta/01.jpg,1,Fresh Floral Fiesta herbal soap by Royal Being,Fresh Floral Fiesta | Royal Being,"Embrace natures light, airy, and blossoming scents with our Fresh Floral Fiesta Herbal soap. Renowned for its nourishing and renewing skin loving ingredients and anti-aging essential oils. This perfectly formulated soap with a moisturizing blend of pure Goat’s milk and the sweet aroma of Japanese",FALSE,g,The Royal Collection
fresh-floral-fiesta,,,,,,,,,,,,,,,,,,,,https://raw.githubusercontent.com/asharqasmani-dotcom/RoyalBeingShopifySoap/main/import-assets/products/fresh-floral-fiesta/02.jpg,2,Fresh Floral Fiesta herbal soap by Royal Being,,,,,
fresh-floral-fiesta,,,,,,,,,,,,,,,,,,,,https://raw.githubusercontent.com/asharqasmani-dotcom/RoyalBeingShopifySoap/main/import-assets/products/fresh-floral-fiesta/03.jpg,3,Fresh Floral Fiesta herbal soap by Royal Being,,,,,
fresh-floral-fiesta,,,,,,,,,,,,,,,,,,,,https://raw.githubusercontent.com/asharqasmani-dotcom/RoyalBeingShopifySoap/main/import-assets/products/fresh-floral-fiesta/04.jpg,4,Fresh Floral Fiesta herbal soap by Royal Being,,,,,
glow-rify,Glow-rify,"<p>Elevate your glow with Glow-rify. This luxurious soap with skin loving, moisturizing ingredients and beneficial essential oils such as: Goats Milk and Carrot Seed Oil, also harbors one of Cleopatra’s beauty secrets: known to deeply hydrate and balance skin complexion. Glow-rify not only amplifies your glow, it gently cleanses, and removes dead skin cells to reveal soft, radiant, and rejuvenated skin.</p><p><strong>Ingredients:</strong> Goats Milk, Raw Honey, Glycerin, Carrot Seed Oil, Frankincense Oil, Jasmine Oil, Cypress Oil, Lavender Oil, Geranium Oil, and Natural Preservative.</p><p><strong>Weight:</strong> 6.3 OZ</p>",Royal Being,Health & Beauty > Personal Care > Cosmetics > Bath & Body > Soap,Herbal Soap,"The Royal Collection, herbal-soap",TRUE,Title,Default Title,GLO-HER-BAR-06,178,shopify,0,deny,manual,21.99,TRUE,TRUE,active,https://raw.githubusercontent.com/asharqasmani-dotcom/RoyalBeingShopifySoap/main/import-assets/products/glow-rify/01.jpg,1,Glow-rify herbal soap by Royal Being,Glow-rify | Royal Being,"Elevate your glow with Glow-rify. This luxurious soap with skin loving, moisturizing ingredients and beneficial essential oils such as: Goats Milk and Carrot Seed Oil, also harbors one of Cleopatra’s beauty secrets: known to deeply hydrate and balance skin complexion. Glow-rify not only amplifies",FALSE,g,The Royal Collection
glow-rify,,,,,,,,,,,,,,,,,,,,https://raw.githubusercontent.com/asharqasmani-dotcom/RoyalBeingShopifySoap/main/import-assets/products/glow-rify/02.jpg,2,Glow-rify herbal soap by Royal Being,,,,,
glow-rify,,,,,,,,,,,,,,,,,,,,https://raw.githubusercontent.com/asharqasmani-dotcom/RoyalBeingShopifySoap/main/import-assets/products/glow-rify/03.jpg,3,Glow-rify herbal soap by Royal Being,,,,,
gilded-age,Gilded Age,"<p>Step into a dynamic era with our Gilded Age herbal soap bar. This luxurious soap with skin loving, moisturizing ingredients and beneficial essential oils such as: Cocoa Butter, Honey, Violet, Lavender, Rose, and Ylang Ylang, is the perfect soap for the woman who wants to revisit the past. A woman who wants to capture a piece of magic. The ineffable aroma of beautiful roses, as fresh and lively today as the bouquets presented eons ago, can be witnessed in our tantalizingly familiar and yet agonizingly distant Gilded Age. Known for its rich, opulent and hydrating ingredients, Gilded Age balances your skin’s surface while leaving behind a luxurious scent. Enjoy deep, warm, floral notes, reminiscent of vintage luxury, alongside blissful bubbly lathers that rejuvenate your skin.</p><p><strong>Ingredients:</strong> Cocoa Butter Base, Goats Milk Base, Patchouli Oil, Violet Oil, Lavender Oil, Rose Oil, Ylang Ylang Oil, Frankincense Oil, Glycerin Base, Cedarwood Oil, Sweet Orange Oil, Bergamot Oil, Cinnamon Oil, Jasmine Oil, Natural Coloring and Natural Preservative.</p><p><strong>Weight:</strong> 6.3 OZ</p>",Royal Being,Health & Beauty > Personal Care > Cosmetics > Bath & Body > Soap,Herbal Soap,"The Royal Collection, herbal-soap, coming-soon",FALSE,Title,Default Title,GIL-HER-BAR-06,178,shopify,0,deny,manual,21.99,TRUE,TRUE,draft,https://raw.githubusercontent.com/asharqasmani-dotcom/RoyalBeingShopifySoap/main/import-assets/products/gilded-age/01.jpg,1,Gilded Age herbal soap by Royal Being,Gilded Age | Royal Being,"Step into a dynamic era with our Gilded Age herbal soap bar. This luxurious soap with skin loving, moisturizing ingredients and beneficial essential oils such as: Cocoa Butter, Honey, Violet, Lavender, Rose, and Ylang Ylang, is the perfect soap for the woman who wants to revisit the past. A woman",FALSE,g,The Royal Collection
gilded-age,,,,,,,,,,,,,,,,,,,,https://raw.githubusercontent.com/asharqasmani-dotcom/RoyalBeingShopifySoap/main/import-assets/products/gilded-age/02.jpg,2,Gilded Age herbal soap by Royal Being,,,,,
gilded-age,,,,,,,,,,,,,,,,,,,,https://raw.githubusercontent.com/asharqasmani-dotcom/RoyalBeingShopifySoap/main/import-assets/products/gilded-age/03.jpg,3,Gilded Age herbal soap by Royal Being,,,,,
gilded-age,,,,,,,,,,,,,,,,,,,,https://raw.githubusercontent.com/asharqasmani-dotcom/RoyalBeingShopifySoap/main/import-assets/products/gilded-age/04.jpg,4,Gilded Age herbal soap by Royal Being,,,,,
herbal-galaxy-renewal-soap,Herbal Galaxy Renewal Soap,"<p>Experience the invigorating power of nature with our Herbal Galaxy Renewal soap. This unique blend of skin loving, moisturizing ingredients, with beneficial essential oils such as: Shea Butter, Goats Milk and Vanilla provide the wholesome goodness your skin craves. Formulated with the ultimate care, and your skin in mind, our herbal fusion blend will lift your spirits, one blissful lather at a time. Be prepared to unveil soft, radiant, and hydrated skin.</p><p><strong>Ingredients:</strong> Shea Butter, Goats Milk, Honey, Coconut Oil, Vitamin E Oil, Turmeric Oil, Vanilla Oil, Clove Oil, Eucalyptus Oil, Rose Oil, Peppermint Oil, Spirulina Powder, and Natural Preservative.</p><p><strong>Weight:</strong> 7.3 OZ</p>",Royal Being,Health & Beauty > Personal Care > Cosmetics > Bath & Body > Soap,Herbal Soap,"The Signature Collection, herbal-soap",TRUE,Title,Default Title,HER-HER-BAR-06,206,shopify,0,deny,manual,13.99,TRUE,TRUE,active,https://raw.githubusercontent.com/asharqasmani-dotcom/RoyalBeingShopifySoap/main/import-assets/products/herbal-galaxy-renewal-soap/01.jpg,1,Herbal Galaxy Renewal Soap herbal soap by Royal Being,Herbal Galaxy Renewal Soap | Royal Being,"Experience the invigorating power of nature with our Herbal Galaxy Renewal soap. This unique blend of skin loving, moisturizing ingredients, with beneficial essential oils such as: Shea Butter, Goats Milk and Vanilla provide the wholesome goodness your skin craves. Formulated with the ultimate ca",FALSE,g,The Signature Collection
herbal-galaxy-renewal-soap,,,,,,,,,,,,,,,,,,,,https://raw.githubusercontent.com/asharqasmani-dotcom/RoyalBeingShopifySoap/main/import-assets/products/herbal-galaxy-renewal-soap/02.jpg,2,Herbal Galaxy Renewal Soap herbal soap by Royal Being,,,,,
islander,Islander,"<p>Embrace the tropical scents of the Islander. An Herbal soap formulated with mindful scents and a blend of skin loving, moisturizing ingredients such as: Coconut Milk and Bergamot. Scents of the islands, defined by notes of creamy coconut, sun-sweetened mango, and the ocean breeze, treat not only your skin, but also elevate your senses. As you lather, the lush, vacation- inspired aromas offer a luxurious vacation for your body, and evoke a warm, relaxing island getaway for your mind.</p><p><strong>Ingredients:</strong> Coconut Milk, Glycerin, Coconut Oil, Honey, Ylang Ylang Oil, Lime Oil, Lemon Oil, Orange Oil, Spearmint Oil, Bergamot, Oil, Mango Butter, Vanilla Oil, Pineapple Oil, Ginger Oil, Plumeria Oil, Tea Tree Oil, Vetiver Oil Pachouli Oil, Clary Sage Oil, Geranium Oil, Frankincense oil, Sandalwood Oil, and Natural Preservative.</p><p><strong>Weight:</strong> 7.3 OZ</p>",Royal Being,Health & Beauty > Personal Care > Cosmetics > Bath & Body > Soap,Herbal Soap,"The Signature Collection, herbal-soap",TRUE,Title,Default Title,ISL-HER-BAR-06,206,shopify,0,deny,manual,21.99,TRUE,TRUE,active,https://raw.githubusercontent.com/asharqasmani-dotcom/RoyalBeingShopifySoap/main/import-assets/products/islander/01.jpg,1,Islander herbal soap by Royal Being,Islander | Royal Being,"Embrace the tropical scents of the Islander. An Herbal soap formulated with mindful scents and a blend of skin loving, moisturizing ingredients such as: Coconut Milk and Bergamot. Scents of the islands, defined by notes of creamy coconut, sun-sweetened mango, and the ocean breeze, treat not only ",FALSE,g,The Signature Collection
islander,,,,,,,,,,,,,,,,,,,,https://raw.githubusercontent.com/asharqasmani-dotcom/RoyalBeingShopifySoap/main/import-assets/products/islander/02.jpg,2,Islander herbal soap by Royal Being,,,,,
islander,,,,,,,,,,,,,,,,,,,,https://raw.githubusercontent.com/asharqasmani-dotcom/RoyalBeingShopifySoap/main/import-assets/products/islander/03.jpg,3,Islander herbal soap by Royal Being,,,,,
melanin-popping,Melanin Popping,"<p>Experience the cleansing power of African black soap made from organic plantain skins and cocoa pod. This all natural, nutrient-rich herbal bar is celebrated for its deep cleansing, exfoliating, and antibacterial properties. It is enriched with skin loving ingredients that are packed with nourishing botanicals and moisturizers like shea butter, which balances, soothes, and revitalizes most skin types. Melanin Popping is perfect for Brown and Black skin, and is infused with essential oils that balance, moisturize, and cleanse the skin with wholesome goodness and zero harsh chemicals.</p><p><strong>Ingredients:</strong> African Black Soap, Goat Milk, Shea Butter, Coconut Oil, Jojoba Oil, Lavender Oil, Carrot Seed Oil, Geranium Oil, Tea Tree Oil, Frankincense Oil, Myrrh Oil, Turmeric Oil, and Natural Preservative.</p><p><strong>Weight:</strong> 6.3 OZ</p>",Royal Being,Health & Beauty > Personal Care > Cosmetics > Bath & Body > Soap,Herbal Soap,"The Signature Collection, herbal-soap",TRUE,Title,Default Title,MEL-HER-BAR-05,178,shopify,0,deny,manual,19.99,TRUE,TRUE,active,https://raw.githubusercontent.com/asharqasmani-dotcom/RoyalBeingShopifySoap/main/import-assets/products/melanin-popping/01.jpg,1,Melanin Popping herbal soap by Royal Being,Melanin Popping | Royal Being,"Experience the cleansing power of African black soap made from organic plantain skins and cocoa pod. This all natural, nutrient-rich herbal bar is celebrated for its deep cleansing, exfoliating, and antibacterial properties. It is enriched with skin loving ingredients that are packed with nourish",FALSE,g,The Signature Collection
melanin-popping,,,,,,,,,,,,,,,,,,,,https://raw.githubusercontent.com/asharqasmani-dotcom/RoyalBeingShopifySoap/main/import-assets/products/melanin-popping/02.jpg,2,Melanin Popping herbal soap by Royal Being,,,,,
melanin-popping,,,,,,,,,,,,,,,,,,,,https://raw.githubusercontent.com/asharqasmani-dotcom/RoyalBeingShopifySoap/main/import-assets/products/melanin-popping/03.jpg,3,Melanin Popping herbal soap by Royal Being,,,,,
sweet-madagascar,Sweet Madagascar,"<p>Experience the ultimate in skincare with our Sweet Madagascar Herbal soap, enriched with skin loving, moisturizing ingredients and beneficial essential oils such as: Goat Milk, Coconut, and Vanilla oil. Our soap provides a gentle yet effective cleanse, while its scent transports you to the hand-pollinated orchids of Madagascar. Enjoy the sophisticated scents of blended notes of coconut, vanilla, and Ravintsara, which offer pure lathering bliss with zero chemicals.</p><p><strong>Ingredients:</strong> Goat Milk, Coconut Oil, Ravintsara (Cinnamomum Camphora) Oil, Geranium Oil, Vanilla Oil, Jasmine Oil, Saro Oil, Orange Blossom Oil, Ylang Ylang Oil, Clove Oil and Natural Preservative.</p><p><strong>Weight:</strong> 6.3 OZ</p>",Royal Being,Health & Beauty > Personal Care > Cosmetics > Bath & Body > Soap,Herbal Soap,"The Signature Collection, herbal-soap",TRUE,Title,Default Title,SWE-HER-BAR-06,178,shopify,0,deny,manual,21.99,TRUE,TRUE,active,https://raw.githubusercontent.com/asharqasmani-dotcom/RoyalBeingShopifySoap/main/import-assets/products/sweet-madagascar/01.jpg,1,Sweet Madagascar herbal soap by Royal Being,Sweet Madagascar | Royal Being,"Experience the ultimate in skincare with our Sweet Madagascar Herbal soap, enriched with skin loving, moisturizing ingredients and beneficial essential oils such as: Goat Milk, Coconut, and Vanilla oil. Our soap provides a gentle yet effective cleanse, while its scent transports you to the hand-p",FALSE,g,The Signature Collection
sweet-madagascar,,,,,,,,,,,,,,,,,,,,https://raw.githubusercontent.com/asharqasmani-dotcom/RoyalBeingShopifySoap/main/import-assets/products/sweet-madagascar/02.jpg,2,Sweet Madagascar herbal soap by Royal Being,,,,,
sweet-madagascar,,,,,,,,,,,,,,,,,,,,https://raw.githubusercontent.com/asharqasmani-dotcom/RoyalBeingShopifySoap/main/import-assets/products/sweet-madagascar/03.jpg,3,Sweet Madagascar herbal soap by Royal Being,,,,,
the-duchess,The Duchess,"<p>Embody the sophisticated elegance of the Duchess, and channel real-life royalty with our regal herbal soap. This elegant soap with botanical blends of youth exuberance is ideal for the Royal Being. Soak in its crisp, warm, delicate notes which are undeniable to the senses and are sure to garner many compliments. Set as the first step routine in your cleansing ritual, layer it with your favorite fragrance for a long-lasting scent that lasts and lasts. The Duchess is formulated with rich nourishing ingredients such as Goat’s Milk, Mango Butter, and infused with delicate florals such as Lily and Jasmine. Take your time, and take your skincare wellness to new heights with its bright, luminous and uplifting botanicals.</p><p><strong>Ingredients:</strong> Goats Milk, Mango Butter, Organic Lily of the Valley Oil, Jasmine Oil, Bergamot Oil, Sandalwood Oil, Vetiver Oil, Amber Oil, Grape Seed Oil, Vitamin E Oil, Natural Coloring, and Natural Preservative.</p><p><strong>Weight:</strong> 6.7 OZ</p>",Royal Being,Health & Beauty > Personal Care > Cosmetics > Bath & Body > Soap,Herbal Soap,"The Royal Collection, herbal-soap, coming-soon",FALSE,Title,Default Title,DUC-HER-BAR-6.7,189,shopify,0,deny,manual,25.99,TRUE,TRUE,draft,https://raw.githubusercontent.com/asharqasmani-dotcom/RoyalBeingShopifySoap/main/import-assets/products/the-duchess/01.jpg,1,The Duchess herbal soap by Royal Being,The Duchess | Royal Being,"Embody the sophisticated elegance of the Duchess, and channel real-life royalty with our regal herbal soap. This elegant soap with botanical blends of youth exuberance is ideal for the Royal Being. Soak in its crisp, warm, delicate notes which are undeniable to the senses and are sure to garner m",FALSE,g,The Royal Collection
the-duchess,,,,,,,,,,,,,,,,,,,,https://raw.githubusercontent.com/asharqasmani-dotcom/RoyalBeingShopifySoap/main/import-assets/products/the-duchess/02.jpg,2,The Duchess herbal soap by Royal Being,,,,,
the-duchess,,,,,,,,,,,,,,,,,,,,https://raw.githubusercontent.com/asharqasmani-dotcom/RoyalBeingShopifySoap/main/import-assets/products/the-duchess/03.jpg,3,The Duchess herbal soap by Royal Being,,,,,
the-enchanted-garden,The Enchanted Garden,"<p>Get swept up in the wonderful aromas of the Enchanted Garden. This is no ordinary herbal soap. Its luxurious lathers transport your senses into the mythical divine. With skin-loving all natural ingredients such as Coconut, infused with intoxicating essential oils such as Jasmine of the Arabias, the Enchanted Garden will take your breath away; leaving dewy, nourished, and revitalized skin. Beloved for its bright, fairy-like floral aromas, each earthy, floral, and grounding note is pure heaven to the senses. Take your self-care cleansing routine to a whole new realm, with this quintessential herbal bar. Enjoy soft, supple skin with the Enchanted Garden, created specifically with you in mind.</p><p><strong>Ingredients:</strong> Coconut Milk Base, Goats Milk, Rose Absolute Oil, Geranium Oil, Neroli Oil, Cedarwood Oil, Sandalwood Oil, Patchouli Oil, Vetiver Oil, Lavender Oil, Basil Oil, Amber Oil, Warm Oud Oil, Watermelon FO, Lime Oil, Bergamot Oil, Natural Coloring, and Natural Preservative.</p><p><strong>Weight:</strong> 6.3 OZ</p>",Royal Being,Health & Beauty > Personal Care > Cosmetics > Bath & Body > Soap,Herbal Soap,"The Royal Collection, herbal-soap, coming-soon",FALSE,Title,Default Title,ENC-HER-BAR-06,178,shopify,0,deny,manual,21.99,TRUE,TRUE,draft,https://raw.githubusercontent.com/asharqasmani-dotcom/RoyalBeingShopifySoap/main/import-assets/products/the-enchanted-garden/01.jpg,1,The Enchanted Garden herbal soap by Royal Being,The Enchanted Garden | Royal Being,"Get swept up in the wonderful aromas of the Enchanted Garden. This is no ordinary herbal soap. Its luxurious lathers transport your senses into the mythical divine. With skin-loving all natural ingredients such as Coconut, infused with intoxicating essential oils such as Jasmine of the Arabias, t",FALSE,g,The Royal Collection
the-enchanted-garden,,,,,,,,,,,,,,,,,,,,https://raw.githubusercontent.com/asharqasmani-dotcom/RoyalBeingShopifySoap/main/import-assets/products/the-enchanted-garden/02.jpg,2,The Enchanted Garden herbal soap by Royal Being,,,,,
the-enchanted-garden,,,,,,,,,,,,,,,,,,,,https://raw.githubusercontent.com/asharqasmani-dotcom/RoyalBeingShopifySoap/main/import-assets/products/the-enchanted-garden/03.jpg,3,The Enchanted Garden herbal soap by Royal Being,,,,,
the-enchanted-garden,,,,,,,,,,,,,,,,,,,,https://raw.githubusercontent.com/asharqasmani-dotcom/RoyalBeingShopifySoap/main/import-assets/products/the-enchanted-garden/04.jpg,4,The Enchanted Garden herbal soap by Royal Being,,,,,
the-enchanted-garden,,,,,,,,,,,,,,,,,,,,https://raw.githubusercontent.com/asharqasmani-dotcom/RoyalBeingShopifySoap/main/import-assets/products/the-enchanted-garden/05.jpg,5,The Enchanted Garden herbal soap by Royal Being,,,,,
the-reiny,The Reiny,"<p>Captivate your audience with the lingering scents of The Reiny. This clarifying herbal soap ushers you into a Queendom world of royal spotlight. Be the Queen of your castle each day in your bath or shower, as you indulge in a magnificent cleansing ritual. The Reiny lives up to its name in its ingredients - formulated with skin-loving, moisturizing ingredients such Glycerin, Goat’s Milk, Honey, and infused with essential oils such as Bergamot and Ylang Ylang. Allow luxurious lathers that offer captivating aromas to not only embrace your senses, but also to revive and nourish fatigued skin.</p><p><strong>Ingredients:</strong> Glycerin Base, Goat’s Milk, Bergamot Oil, Ylang Ylang Oil, Jasmine Oil, Saffron Oil, Cedarwood Oil, Sandalwood Oil, Orange Oil, Honey, Vanilla Oil, Natural Coloring and Natural Preservative.</p><p><strong>Weight:</strong> 6.7 OZ</p>",Royal Being,Health & Beauty > Personal Care > Cosmetics > Bath & Body > Soap,Herbal Soap,"The Royal Collection, herbal-soap, coming-soon",FALSE,Title,Default Title,REI-HER-BAR-05,189,shopify,0,deny,manual,21.99,TRUE,TRUE,draft,https://raw.githubusercontent.com/asharqasmani-dotcom/RoyalBeingShopifySoap/main/import-assets/products/the-reiny/01.jpg,1,The Reiny herbal soap by Royal Being,The Reiny | Royal Being,"Captivate your audience with the lingering scents of The Reiny. This clarifying herbal soap ushers you into a Queendom world of royal spotlight. Be the Queen of your castle each day in your bath or shower, as you indulge in a magnificent cleansing ritual. The Reiny lives up to its name in its ing",FALSE,g,The Royal Collection
the-reiny,,,,,,,,,,,,,,,,,,,,https://raw.githubusercontent.com/asharqasmani-dotcom/RoyalBeingShopifySoap/main/import-assets/products/the-reiny/02.jpg,2,The Reiny herbal soap by Royal Being,,,,,
the-reiny,,,,,,,,,,,,,,,,,,,,https://raw.githubusercontent.com/asharqasmani-dotcom/RoyalBeingShopifySoap/main/import-assets/products/the-reiny/03.jpg,3,The Reiny herbal soap by Royal Being,,,,,
the-reiny,,,,,,,,,,,,,,,,,,,,https://raw.githubusercontent.com/asharqasmani-dotcom/RoyalBeingShopifySoap/main/import-assets/products/the-reiny/04.jpg,4,The Reiny herbal soap by Royal Being,,,,,
the-rose-garden,The Rose Garden,"<p>Elevate your skincare with the enriching scents of The Rose Garden Herbal soap. Formulated with skin loving, moisturizing ingredients, tantalizing floral scents, and beneficial essential oils. Our unique blend of Goat’s Milk, Honey, and Rose Hip oil is a delightful treat for your skin, and offers a luxurious floral fragrance that uplifts and brightens your mood.</p><p><strong>Ingredients:</strong> Goat Milk, Honey, Rose Hip Powder, Rose Hip Oil, Vanilla Oil, Rose Oil, Clove Oil, and Black Rose & Oud FO.</p><p><strong>Weight:</strong> 6.3 OZ</p>",Royal Being,Health & Beauty > Personal Care > Cosmetics > Bath & Body > Soap,Herbal Soap,"The Royal Collection, herbal-soap",TRUE,Title,Default Title,ROS-HER-BAR-06,178,shopify,0,deny,manual,19.99,TRUE,TRUE,active,https://raw.githubusercontent.com/asharqasmani-dotcom/RoyalBeingShopifySoap/main/import-assets/products/the-rose-garden/01.jpg,1,The Rose Garden herbal soap by Royal Being,The Rose Garden | Royal Being,"Elevate your skincare with the enriching scents of The Rose Garden Herbal soap. Formulated with skin loving, moisturizing ingredients, tantalizing floral scents, and beneficial essential oils. Our unique blend of Goat’s Milk, Honey, and Rose Hip oil is a delightful treat for your skin, and offers",FALSE,g,The Royal Collection
the-rose-garden,,,,,,,,,,,,,,,,,,,,https://raw.githubusercontent.com/asharqasmani-dotcom/RoyalBeingShopifySoap/main/import-assets/products/the-rose-garden/02.jpg,2,The Rose Garden herbal soap by Royal Being,,,,,
turmeric-swirl,Turmeric Swirl,"<p>Enjoy the brightening effects of Turmeric Swirl. This Herbal soap is formulated with skin loving, moisturizing ingredients, such Coconut Milk and Turmeric root powder to help even out skin tone, fade scars, brightens dark spots, soothes inflammatory conditions like acne and eczema, and promotes a natural, radiant glow. Utilize once a week for a radiant glow.</p><p><strong>Ingredients:</strong> Coconut Milk, Turmeric root powder, Turmeric Oil, Olive Oil, Shea Butter, Kaolin Clay, Orange Oil, Lavender Oil, and Tea Tree Oil.</p><p><strong>Weight:</strong> 6.7 OZ</p>",Royal Being,Health & Beauty > Personal Care > Cosmetics > Bath & Body > Soap,Herbal Soap,"The Signature Collection, herbal-soap",TRUE,Title,Default Title,TUR-HER-BAR-05,189,shopify,0,deny,manual,11.99,TRUE,TRUE,active,https://raw.githubusercontent.com/asharqasmani-dotcom/RoyalBeingShopifySoap/main/import-assets/products/turmeric-swirl/01.jpg,1,Turmeric Swirl herbal soap by Royal Being,Turmeric Swirl | Royal Being,"Enjoy the brightening effects of Turmeric Swirl. This Herbal soap is formulated with skin loving, moisturizing ingredients, such Coconut Milk and Turmeric root powder to help even out skin tone, fade scars, brightens dark spots, soothes inflammatory conditions like acne and eczema, and promotes a",FALSE,g,The Signature Collection
turmeric-swirl,,,,,,,,,,,,,,,,,,,,https://raw.githubusercontent.com/asharqasmani-dotcom/RoyalBeingShopifySoap/main/import-assets/products/turmeric-swirl/02.jpg,2,Turmeric Swirl herbal soap by Royal Being,,,,,
turmeric-swirl,,,,,,,,,,,,,,,,,,,,https://raw.githubusercontent.com/asharqasmani-dotcom/RoyalBeingShopifySoap/main/import-assets/products/turmeric-swirl/03.jpg,3,Turmeric Swirl herbal soap by Royal Being,,,,,
turmeric-swirl,,,,,,,,,,,,,,,,,,,,https://raw.githubusercontent.com/asharqasmani-dotcom/RoyalBeingShopifySoap/main/import-assets/products/turmeric-swirl/04.jpg,4,Turmeric Swirl herbal soap by Royal Being,,,,,
watermelon-fusion,Watermelon Fusion,"<p>Elevate your skincare cleansing routine with our Watermelon Fusion Herbal soap. This luxurious blend of nourishing ingredients such as Goat’s Milk, Peppermint, and Watermelon, is a delightful treat for your skin. Formulated with skin loving ingredients, the wholesome goodness of poppy seeds for exfoliation, and enriched with beneficial essential oils, Watermelon Fusion leaves your skin feeling refreshed, smoother, softer, and radiant, time after time. Let the tantalizing scents of each lather, transport you to a tropical oasis with each use.</p><p><strong>Ingredients:</strong> Goat’s Milk, Oat Milk Base, Coconut Oil, Watermelon Oil, Lavender Oil, Rose Oil, Eucalyptus Oil, Vanilla Oil, Peppermint Oil, Clove Oil, Pink Clay Powder, Poppy Seeds, Watermelon FO, Natural Coloring, and Natural Preservative.</p><p><strong>Weight:</strong> 6.7 OZ</p>",Royal Being,Health & Beauty > Personal Care > Cosmetics > Bath & Body > Soap,Herbal Soap,"The Signature Collection, herbal-soap",TRUE,Title,Default Title,WM-ORG-BR-04-ST,189,shopify,0,deny,manual,19.99,TRUE,TRUE,active,https://raw.githubusercontent.com/asharqasmani-dotcom/RoyalBeingShopifySoap/main/import-assets/products/watermelon-fusion/01.jpg,1,Watermelon Fusion herbal soap by Royal Being,Watermelon Fusion | Royal Being,"Elevate your skincare cleansing routine with our Watermelon Fusion Herbal soap. This luxurious blend of nourishing ingredients such as Goat’s Milk, Peppermint, and Watermelon, is a delightful treat for your skin. Formulated with skin loving ingredients, the wholesome goodness of poppy seeds for e",FALSE,g,The Signature Collection
watermelon-fusion,,,,,,,,,,,,,,,,,,,,https://raw.githubusercontent.com/asharqasmani-dotcom/RoyalBeingShopifySoap/main/import-assets/products/watermelon-fusion/02.jpg,2,Watermelon Fusion herbal soap by Royal Being,,,,,
watermelon-fusion,,,,,,,,,,,,,,,,,,,,https://raw.githubusercontent.com/asharqasmani-dotcom/RoyalBeingShopifySoap/main/import-assets/products/watermelon-fusion/03.jpg,3,Watermelon Fusion herbal soap by Royal Being,,,,,
zen-moment,Zen Moment,"<p>ABOUT TO UNDERGO TEST MODE Go zen with Zen Moment. This botanical Herbal soap ushers you into a tranquil, nature- inspired, spa-like oasis. Formulated with purifying and luxurious blends of nourishing ingredients, Zen gives you the moment of exhale we all seek after a long day. From the soothing touch of lavender to the refreshing pick-up of eucalyptus, Zen Moment turns your everyday routine into a mindful, wholesome ritual. Relax, breathe in, and exhale the wonderful scents of peppermint. A delightful treat for your skin and senses. Zen Moment is a must have in every cleansing routine. Embrace relaxation and mindfulness, as you uncover smoother, softer, radiant, and revitalized skin, time after time.</p><p><strong>Ingredients:</strong> Aloe Vera Base, Coconut Oil Base, Aloe Vera Oil, Lavender Oil, Frankincense Oil, Peppermint Oil, Eucalyptus Oil, Tea Tree Oil, Violet Oil, Natural Coloring and Natural Preservative.</p><p><strong>Weight:</strong> 6.3 OZ</p>",Royal Being,Health & Beauty > Personal Care > Cosmetics > Bath & Body > Soap,Herbal Soap,"The Signature Collection, herbal-soap, coming-soon",FALSE,Title,Default Title,ZEN-HER-BAR-06,178,shopify,0,deny,manual,19.99,TRUE,TRUE,draft,https://raw.githubusercontent.com/asharqasmani-dotcom/RoyalBeingShopifySoap/main/import-assets/products/zen-moment/01.jpg,1,Zen Moment herbal soap by Royal Being,Zen Moment | Royal Being,"ABOUT TO UNDERGO TEST MODE Go zen with Zen Moment. This botanical Herbal soap ushers you into a tranquil, nature- inspired, spa-like oasis. Formulated with purifying and luxurious blends of nourishing ingredients, Zen gives you the moment of exhale we all seek after a long day. From the soothing ",FALSE,g,The Signature Collection
zen-moment,,,,,,,,,,,,,,,,,,,,https://raw.githubusercontent.com/asharqasmani-dotcom/RoyalBeingShopifySoap/main/import-assets/products/zen-moment/02.jpg,2,Zen Moment herbal soap by Royal Being,,,,,
zen-moment,,,,,,,,,,,,,,,,,,,,https://raw.githubusercontent.com/asharqasmani-dotcom/RoyalBeingShopifySoap/main/import-assets/products/zen-moment/03.jpg,3,Zen Moment herbal soap by Royal Being,,,,,
zen-moment,,,,,,,,,,,,,,,,,,,,https://raw.githubusercontent.com/asharqasmani-dotcom/RoyalBeingShopifySoap/main/import-assets/products/zen-moment/04.jpg,4,Zen Moment herbal soap by Royal Being,,,,,
zen-moment,,,,,,,,,,,,,,,,,,,,https://raw.githubusercontent.com/asharqasmani-dotcom/RoyalBeingShopifySoap/main/import-assets/products/zen-moment/05.jpg,5,Zen Moment herbal soap by Royal Being,,,,,
bamboozled,Bamboozled,"<p>Step into the wonderful, invigorating world of the Green Bamboo which offers a crisp experience, with the delicate notes of balsam and bamboo reeds. Bring smells of an enchanted forest right into your shower routine. Masculine, powerful, grounding, and unpretentious, our Bamboozled Herbal Soap bar exudes notes that are formulated with skin loving ingredients, and infused with beneficial essential oils. All ethically sourced with intention to offer the best in ultimate skin care. Prepare for a crisp, wild scent, and a refreshing clean.</p><p><strong>Ingredients:</strong> Goat’s Milk, Bamboo FO, Organic Fir Balsam Oil, White Tea Oil, Cedar Wood Oil, Sandalwood Oil, Patchouli Oil, Natural Coloring, and Natural Preservative.</p><p><strong>Weight:</strong> 7.3 OZ</p>",Royal Being,Health & Beauty > Personal Care > Cosmetics > Bath & Body > Soap,Herbal Soap,"The Royal Duke Collection, herbal-soap",TRUE,Title,Default Title,BAM-DUK-BAR-07,206,shopify,0,deny,manual,19.99,TRUE,TRUE,active,https://raw.githubusercontent.com/asharqasmani-dotcom/RoyalBeingShopifySoap/main/import-assets/products/bamboozled/01.jpg,1,Bamboozled herbal soap by Royal Being,Bamboozled | Royal Being,"Step into the wonderful, invigorating world of the Green Bamboo which offers a crisp experience, with the delicate notes of balsam and bamboo reeds. Bring smells of an enchanted forest right into your shower routine. Masculine, powerful, grounding, and unpretentious, our Bamboozled Herbal Soap ba",FALSE,g,The Royal Duke Collection
bamboozled,,,,,,,,,,,,,,,,,,,,https://raw.githubusercontent.com/asharqasmani-dotcom/RoyalBeingShopifySoap/main/import-assets/products/bamboozled/02.jpg,2,Bamboozled herbal soap by Royal Being,,,,,
bamboozled,,,,,,,,,,,,,,,,,,,,https://raw.githubusercontent.com/asharqasmani-dotcom/RoyalBeingShopifySoap/main/import-assets/products/bamboozled/03.jpg,3,Bamboozled herbal soap by Royal Being,,,,,
woody,Woody,"<p>Wind back time with Woody. The herbal soap with earthy roots. Woody is formulated with skin- loving ingredients such as Goat’s Milk, and all natural essential oils such as Patchouli and Sandalwood to create the ultimate fusion of earthy scents, with a twist of Tobacco Oud. Each ingredient was carefully curated to add mystery, depth, and a remarkably lasting scent with each cleanse. Woody is perfect for the vintage gentleman who loves aromas with a remarkable staying power. Let Woody transport your senses back to the 60’s with its outstanding musk, its nourishing ingredients and its hydrating essence. Experience rich, warm, intense cleanse, one bar at a time.</p><p><strong>Ingredients:</strong> Goat’s Milk, Cedar wood Oil, Sandalwood Oil, Tobacco Oil, Patchouli Oil, Sweet Orange Oil, Bergamot Oil, Natural Coloring, and Natural Preservative.</p><p><strong>Weight:</strong> 7.3 OZ</p>",Royal Being,Health & Beauty > Personal Care > Cosmetics > Bath & Body > Soap,Herbal Soap,"The Royal Duke Collection, herbal-soap",TRUE,Title,Default Title,WOO-DUK-BAR-07,206,shopify,0,deny,manual,20.99,TRUE,TRUE,active,https://raw.githubusercontent.com/asharqasmani-dotcom/RoyalBeingShopifySoap/main/import-assets/products/woody/01.jpg,1,Woody herbal soap by Royal Being,Woody | Royal Being,"Wind back time with Woody. The herbal soap with earthy roots. Woody is formulated with skin- loving ingredients such as Goat’s Milk, and all natural essential oils such as Patchouli and Sandalwood to create the ultimate fusion of earthy scents, with a twist of Tobacco Oud. Each ingredient was car",FALSE,g,The Royal Duke Collection
woody,,,,,,,,,,,,,,,,,,,,https://raw.githubusercontent.com/asharqasmani-dotcom/RoyalBeingShopifySoap/main/import-assets/products/woody/02.jpg,2,Woody herbal soap by Royal Being,,,,,
woody,,,,,,,,,,,,,,,,,,,,https://raw.githubusercontent.com/asharqasmani-dotcom/RoyalBeingShopifySoap/main/import-assets/products/woody/03.jpg,3,Woody herbal soap by Royal Being,,,,,
the-ethan,The Ethan,"<p>Experience The Ethan, our remarkable Herbal Soap Bar for the enduring man. Carefully crafted with notes that are grounded, strong, and bold. Every ingredient was specifically formulated to deliver an enduring, earthy, fresh experience, with remarkable staying power. Loaded with skin- loving ingredients that are infused with mindful all-natural essential oils. Warm notes like sage, balanced with spicy hints of black pepper, the Ethan evokes an unforgettable shower experience. Experience a rich, warm, and intense cleanse with elevated hydration and well nourished skin.</p><p><strong>Ingredients:</strong> Goat’s Milk, Vanilla Oil, Cedarwood Oil, Sandalwood Oil, Amber Oil, Vetiver Oil, Bergamot Oil, Black Pepper, Fresh Linen FO, Sage Oil, White Tea FO, Eucalyptus Oil, Warm Oud FO, Natural Coloring, and Natural Preservative.</p><p><strong>Weight:</strong> 7.3 OZ</p>",Royal Being,Health & Beauty > Personal Care > Cosmetics > Bath & Body > Soap,Herbal Soap,"The Royal Duke Collection, herbal-soap",TRUE,Title,Default Title,ETH-DUK-BAR-07,206,shopify,0,deny,manual,21.99,TRUE,TRUE,active,https://raw.githubusercontent.com/asharqasmani-dotcom/RoyalBeingShopifySoap/main/import-assets/products/the-ethan/01.jpg,1,The Ethan herbal soap by Royal Being,The Ethan | Royal Being,"Experience The Ethan, our remarkable Herbal Soap Bar for the enduring man. Carefully crafted with notes that are grounded, strong, and bold. Every ingredient was specifically formulated to deliver an enduring, earthy, fresh experience, with remarkable staying power. Loaded with skin- loving ingre",FALSE,g,The Royal Duke Collection
the-ethan,,,,,,,,,,,,,,,,,,,,https://raw.githubusercontent.com/asharqasmani-dotcom/RoyalBeingShopifySoap/main/import-assets/products/the-ethan/02.jpg,2,The Ethan herbal soap by Royal Being,,,,,
the-ethan,,,,,,,,,,,,,,,,,,,,https://raw.githubusercontent.com/asharqasmani-dotcom/RoyalBeingShopifySoap/main/import-assets/products/the-ethan/03.jpg,3,The Ethan herbal soap by Royal Being,,,,,
the-aristocrat,The Aristocrat,"<p>Wander into the spellbinding world of the Aristocrat, the noble herbal soap for the refined and ambitious man. Each skin loving ingredient was ethically sourced, carefully chosen, and perfectly curated to complement the skin. Discover its luxurious lathers; its crisp, fresh, and wonderful blend of essential oils that deliver notes of cedar, amber, and bergamot. This divine formulation refreshes the skin, and then transitions into the most inviting scents. The Aristocrat offers an undeniable, irresistible cleansing ritual that lasts and lasts with each wash.</p><p><strong>Ingredients:</strong> Goat’s Milk, Cedarwood, Patchouli Oil, Amber Oil, Warm Oud Oil, Watermelon FO, Lime Oil, Bergamot Oil, Natural Coloring, and Natural Preservative.</p><p><strong>Weight:</strong> 7.3 OZ</p>",Royal Being,Health & Beauty > Personal Care > Cosmetics > Bath & Body > Soap,Herbal Soap,"The Royal Duke Collection, herbal-soap, coming-soon",FALSE,Title,Default Title,ARI-DUK-BAR-07,206,shopify,0,deny,manual,20.99,TRUE,TRUE,draft,https://raw.githubusercontent.com/asharqasmani-dotcom/RoyalBeingShopifySoap/main/import-assets/products/the-aristocrat/01.jpg,1,The Aristocrat herbal soap by Royal Being,The Aristocrat | Royal Being,"Wander into the spellbinding world of the Aristocrat, the noble herbal soap for the refined and ambitious man. Each skin loving ingredient was ethically sourced, carefully chosen, and perfectly curated to complement the skin. Discover its luxurious lathers; its crisp, fresh, and wonderful blend o",FALSE,g,The Royal Duke Collection
the-aristocrat,,,,,,,,,,,,,,,,,,,,https://raw.githubusercontent.com/asharqasmani-dotcom/RoyalBeingShopifySoap/main/import-assets/products/the-aristocrat/02.jpg,2,The Aristocrat herbal soap by Royal Being,,,,,
the-aristocrat,,,,,,,,,,,,,,,,,,,,https://raw.githubusercontent.com/asharqasmani-dotcom/RoyalBeingShopifySoap/main/import-assets/products/the-aristocrat/03.jpg,3,The Aristocrat herbal soap by Royal Being,,,,,
the-aristocrat,,,,,,,,,,,,,,,,,,,,https://raw.githubusercontent.com/asharqasmani-dotcom/RoyalBeingShopifySoap/main/import-assets/products/the-aristocrat/04.jpg,4,The Aristocrat herbal soap by Royal Being,,,,,
the-aristocrat,,,,,,,,,,,,,,,,,,,,https://raw.githubusercontent.com/asharqasmani-dotcom/RoyalBeingShopifySoap/main/import-assets/products/the-aristocrat/05.jpg,5,The Aristocrat herbal soap by Royal Being,,,,,
teakwood,Teakwood,"<p>ABOUT TO UNDERGO TEST MODE Experience Teakwood, the herbal, botanical soap for the rich, rugged, or sophisticated man. Crafted with ambitious notes that are warm, woody, and remarkably provocative. Each skin loving ingredient in Teakwood was ethically sourced, and carefully curated to complement the skin. Discover its refined aroma, its rich and luxurious lather, and the wonderful blends of essential oils that deliver smoky notes of tobacco and outdoorsy vibes. Teakwood’s herbal bar is formulated with Goat’s Milk for deep hydration, and infused with indulgent all-natural essential oils such as Warm Oud, Patchouli and Teakwood, to revive the senses. Its wonderful notes transition into the most exotic and inviting scents.</p><p><strong>Ingredients:</strong> Goat’s Milk, Teakwood Oil, Tobacco Oud, Patchouli Oil, Lavender Oil, Black Pepper Oil, Warm Oud Oil, Clove Oil, Cardamom Oil, Bergamot Oil, Natural Coloring, and Natural Preservative.</p><p><strong>Weight:</strong> 7.3 OZ</p>",Royal Being,Health & Beauty > Personal Care > Cosmetics > Bath & Body > Soap,Herbal Soap,"The Royal Duke Collection, herbal-soap, coming-soon",FALSE,Title,Default Title,TEA-DUK-BAR-07,206,shopify,0,deny,manual,21.99,TRUE,TRUE,draft,https://raw.githubusercontent.com/asharqasmani-dotcom/RoyalBeingShopifySoap/main/import-assets/products/teakwood/01.jpg,1,Teakwood herbal soap by Royal Being,Teakwood | Royal Being,"ABOUT TO UNDERGO TEST MODE Experience Teakwood, the herbal, botanical soap for the rich, rugged, or sophisticated man. Crafted with ambitious notes that are warm, woody, and remarkably provocative. Each skin loving ingredient in Teakwood was ethically sourced, and carefully curated to complement ",FALSE,g,The Royal Duke Collection
teakwood,,,,,,,,,,,,,,,,,,,,https://raw.githubusercontent.com/asharqasmani-dotcom/RoyalBeingShopifySoap/main/import-assets/products/teakwood/02.jpg,2,Teakwood herbal soap by Royal Being,,,,,
the-chloe,The Chloe,"<p>ABOUT TO UNDERGO TEST MODE Say hello to full bloom with Chloe, our herbal bar soap formulated with skin-loving ingredients and infused with delicate essential oils. Chloe is ideal for every child with delicate skin. This herbal soap bar is reminiscent of spring and has gentle notes such as lavender and spearmint to revive any Royal Being. Experience soft, gentle lathers that caress and nourish the skin, leaving it supple, smooth, and restored. with each use.</p><p><strong>Ingredients:</strong> Coconut Milk, Mango Base, Lavender Oil, Organic Roman Chamomile Oil, Sweet Orange Oil, Cherry Blossom Oil, Natural Coloring, and Natural Preservative.</p><p><strong>Weight:</strong> 5.29 OZ</p>",Royal Being,Health & Beauty > Personal Care > Cosmetics > Bath & Body > Soap,Herbal Soap,"The Royal Kid Herbal Collection, herbal-soap, coming-soon",FALSE,Title,Default Title,CHL-KID-BAR-05,149,shopify,0,deny,manual,12.99,TRUE,TRUE,draft,https://raw.githubusercontent.com/asharqasmani-dotcom/RoyalBeingShopifySoap/main/import-assets/products/the-chloe/01.jpg,1,The Chloe herbal soap by Royal Being,The Chloe | Royal Being,"ABOUT TO UNDERGO TEST MODE Say hello to full bloom with Chloe, our herbal bar soap formulated with skin-loving ingredients and infused with delicate essential oils. Chloe is ideal for every child with delicate skin. This herbal soap bar is reminiscent of spring and has gentle notes such as lavend",FALSE,g,The Royal Kid Herbal Collection
the-chloe,,,,,,,,,,,,,,,,,,,,https://raw.githubusercontent.com/asharqasmani-dotcom/RoyalBeingShopifySoap/main/import-assets/products/the-chloe/02.jpg,2,The Chloe herbal soap by Royal Being,,,,,
the-bodhi,The Bodhi,"<p>Experience a renewal with Bodhi, our kid friendly herbal soap bar for sensitive skin. Formulated with gentle ingredients that soothe, calm, and target sensitivity, Bodhi is renowned for calming redness and relieving itchy skin. It is infused with Sweet Orange to lift up the spirits of your little one, and perfect for bedtime baths. Bodhi herbal bar is the perfect cleansing companion for your little one. Enjoy, gentle, lofty lathers that caress and nourish the skin, one shower at a time.</p><p><strong>Ingredients:</strong> Oatmeal Base, Honey Base, Aloe Vera Base, Shea Butter Base, Lavender Oil, Organic Roman Chamomile Oil, Sweet Orange Oil, Oatmeal, Natural Coloring, and Natural Preservative.</p><p><strong>Weight:</strong> 3 OZ</p>",Royal Being,Health & Beauty > Personal Care > Cosmetics > Bath & Body > Soap,Herbal Soap,"The Royal Kid Herbal Collection, herbal-soap, coming-soon",FALSE,Title,Default Title,BOD-KID-BAR-03,85,shopify,0,deny,manual,9.99,TRUE,TRUE,draft,https://raw.githubusercontent.com/asharqasmani-dotcom/RoyalBeingShopifySoap/main/import-assets/products/the-bodhi/01.jpg,1,The Bodhi herbal soap by Royal Being,The Bodhi | Royal Being,"Experience a renewal with Bodhi, our kid friendly herbal soap bar for sensitive skin. Formulated with gentle ingredients that soothe, calm, and target sensitivity, Bodhi is renowned for calming redness and relieving itchy skin. It is infused with Sweet Orange to lift up the spirits of your little",FALSE,g,The Royal Kid Herbal Collection
the-bodhi,,,,,,,,,,,,,,,,,,,,https://raw.githubusercontent.com/asharqasmani-dotcom/RoyalBeingShopifySoap/main/import-assets/products/the-bodhi/02.jpg,2,The Bodhi herbal soap by Royal Being,,,,,
the-matthew,The Matthew,"<p>Experience the ultimate soap in our Royal Kid Herbal Collection: The Matthew. Tried and approved by kids, who love and sing its praises at bath time. The Matthew is formulated with skin-loving ingredients and infused with mindful essential oils that target skin conditions. With ingredients such as Shea Butter that nourish the skin, and calendula oil that manages inflammations, while targeting skin conditions such as eczema, it’s no wonder the Matthew is our most demanded soap. Use The Matthew nightly to help lock in moisture without clogging delicate pores.</p><p><strong>Ingredients:</strong> Oatmeal Base, Aloe Vera Base, Shea Butter Base, Coconut Oil, Aloe Vera Oil, Aloe Vera Gel, Castor Oil, Organic Roman Chamomile Oil, Sweet Orange Oil, Melon Oil, Organic Cucumber Oil, Oatmeal, Natural Coloring, and Natural Preservative.</p><p><strong>Weight:</strong> 3 OZ</p>",Royal Being,Health & Beauty > Personal Care > Cosmetics > Bath & Body > Soap,Herbal Soap,"The Royal Kid Herbal Collection, herbal-soap, coming-soon",FALSE,Title,Default Title,MAT-KID-BAR-03,85,shopify,0,deny,manual,9.99,TRUE,TRUE,draft,https://raw.githubusercontent.com/asharqasmani-dotcom/RoyalBeingShopifySoap/main/import-assets/products/the-matthew/01.jpg,1,The Matthew herbal soap by Royal Being,The Matthew | Royal Being,"Experience the ultimate soap in our Royal Kid Herbal Collection: The Matthew. Tried and approved by kids, who love and sing its praises at bath time. The Matthew is formulated with skin-loving ingredients and infused with mindful essential oils that target skin conditions. With ingredients such a",FALSE,g,The Royal Kid Herbal Collection
the-matthew,,,,,,,,,,,,,,,,,,,,https://raw.githubusercontent.com/asharqasmani-dotcom/RoyalBeingShopifySoap/main/import-assets/products/the-matthew/02.jpg,2,The Matthew herbal soap by Royal Being,,,,,
the-iris,The Iris,"<p>Introducing Iris, the Royal bar that’s true to its name. This herbal bar was formulated with delicate skin-loving ingredients that not only rejuvenate skin, but also uplifts your kids’ mood. With notes of soothing lavender and the uplifting effect of sweet smelling orange, bath time is sure to be a fun, and invigorating time for every child.</p><p><strong>Ingredients:</strong> Goat’s Milk Base, Aloe Vera Base, Lavender Oil, Organic Roman Chamomile Oil, Sweet Orange Oil, Natural Coloring, and Natural Preservative.</p><p><strong>Weight:</strong> 5.29 OZ</p>",Royal Being,Health & Beauty > Personal Care > Cosmetics > Bath & Body > Soap,Herbal Soap,"The Royal Kid Herbal Collection, herbal-soap, coming-soon",FALSE,Title,Default Title,IRI-KID-BAR-05,149,shopify,0,deny,manual,12.99,TRUE,TRUE,draft,https://raw.githubusercontent.com/asharqasmani-dotcom/RoyalBeingShopifySoap/main/import-assets/products/the-iris/01.jpg,1,The Iris herbal soap by Royal Being,The Iris | Royal Being,"Introducing Iris, the Royal bar that’s true to its name. This herbal bar was formulated with delicate skin-loving ingredients that not only rejuvenate skin, but also uplifts your kids’ mood. With notes of soothing lavender and the uplifting effect of sweet smelling orange, bath time is sure to be",FALSE,g,The Royal Kid Herbal Collection
the-iris,,,,,,,,,,,,,,,,,,,,https://raw.githubusercontent.com/asharqasmani-dotcom/RoyalBeingShopifySoap/main/import-assets/products/the-iris/02.jpg,2,The Iris herbal soap by Royal Being,,,,,
